genes,arm,trajectories,replicate,signed_smd,abs_smd,hist,wasserstein,ks,cells
512,grs-ssa-qss,100,,-0.0052291869024510594,0.09650334329523061,0.9188896551724137,0.4138113959637501,0.29430369458128075,20300
512,null,100,1,0.012202964003699688,0.1193544820345169,0.4442364452999679,0.1480560920370785,0.06973331729226823,24936
512,null,100,2,0.014187332537389154,0.11718161088378913,0.4432394083931219,0.14639464003004438,0.06865846326506073,24949
512,null,100,3,0.014252761261506153,0.11825495140776297,0.44267344569438316,0.14731934049363363,0.06876456223227512,24979
512,null,100,4,0.010965804141925016,0.11919820503571181,0.4435751191572876,0.1483315628359374,0.06972884207153443,24967
512,null,100,5,0.012049586404109766,0.11827092321089118,0.4441875175147123,0.1475653734476389,0.06926618359421916,24979
512,null,100,6,0.010454584079420485,0.11725813014761631,0.4422175096030729,0.14630968966800037,0.06895486555697825,24992
512,null,100,7,0.009684187671676014,0.11909240221450211,0.44363920374894855,0.14801607554748045,0.06933912764849602,24967
512,null,100,8,0.012902982453858416,0.11817026515377362,0.44321214062625125,0.14691388922190787,0.06881556819091857,24974
512,null,100,9,0.009272664157052104,0.11695727236377264,0.44276118805539977,0.14609850474409733,0.06855576014730608,24982
512,null,100,10,0.013506156718204758,0.11838553088626654,0.4429317317317317,0.14713478794899007,0.0686038038038038,24975
512,null,100,11,0.013414801401518564,0.11652792878442446,0.4429523962173425,0.14574837342682356,0.06870051290270877,24956
512,null,100,12,0.011877722061441387,0.11767451250402564,0.442750649870026,0.1471417632691517,0.0690637872425515,25005
512,null,100,13,0.016793704651077566,0.11913180985905526,0.44329632450198403,0.14801405056586306,0.06918714176920919,24949
512,null,100,14,0.015625400663143413,0.11876219235769704,0.4437731917451411,0.147708073009912,0.06962252053696655,24955
512,null,100,15,0.017546367008352225,0.12005501336618084,0.44393027449408934,0.14903699202630627,0.07018593468242838,24955
512,null,100,16,0.011993724508325105,0.11816734119819564,0.4425448286903617,0.1470367771319868,0.06918868075568364,24984
512,null,100,17,0.01359294298683916,0.11796236597362003,0.44319865454691065,0.1470699952458865,0.06877948184038764,24973
512,null,100,18,0.013651615399439545,0.11851293888134028,0.443713107204357,0.14775370730151774,0.06915461935845581,24971
512,null,100,19,0.011823515949108621,0.1179270124052595,0.44326408070133294,0.14669395515324052,0.06893719226612227,24981
512,null,100,20,0.012956089151339058,0.11948323902487147,0.4436295910601995,0.14809257756948935,0.06984099010694117,24967
