path,kind,rate,trajectories
runs/promoter-approximation/kronecker/equilibrium-d1-profiled/genes-00512/grs-ssa-qss-n3-s1,processed,0.0012797602900752314,3
runs/promoter-approximation/kronecker/equilibrium-d1-profiled/genes-00512/grs-ssa-qss-n3-s1,proteins_decayed,0.18905228979793595,3
runs/promoter-approximation/kronecker/equilibrium-d1-profiled/genes-00512/grs-ssa-qss-n3-s1,aborted,0.013477218062789351,3
runs/promoter-approximation/kronecker/equilibrium-d1-profiled/genes-00512/grs-ssa-qss-n3-s1,premrnas_decayed,6.436571662808642e-5,3
runs/promoter-approximation/kronecker/equilibrium-d1-profiled/genes-00512/grs-ssa-qss-n3-s1,transcribed,0.0013445630485628857,3
runs/promoter-approximation/kronecker/equilibrium-d1-profiled/genes-00512/grs-ssa-qss-n3-s1,mrnas_decayed,0.0011557986412519291,3
runs/promoter-approximation/kronecker/equilibrium-d1-profiled/genes-00512/grs-ssa-qss-n3-s1,translated,0.2601184571819541,3
runs/promoter-approximation/kronecker/equilibrium-d1-profiled/genes-00512/grs-ssa-qss-n3-s1,initiated,0.014830461666907793,3
runs/promoter-approximation/kronecker/full-d10-profiled/genes-00512/grs-ssa-n3-s1,processed,0.0012744668089313272,3
runs/promoter-approximation/kronecker/full-d10-profiled/genes-00512/grs-ssa-n3-s1,proteins_decayed,0.1879570252218364,3
runs/promoter-approximation/kronecker/full-d10-profiled/genes-00512/grs-ssa-n3-s1,aborted,0.013401093659577546,3
runs/promoter-approximation/kronecker/full-d10-profiled/genes-00512/grs-ssa-n3-s1,deactivated,0.6455751998336227,3
runs/promoter-approximation/kronecker/full-d10-profiled/genes-00512/grs-ssa-n3-s1,premrnas_decayed,6.36159637827932e-5,3
runs/promoter-approximation/kronecker/full-d10-profiled/genes-00512/grs-ssa-n3-s1,transcribed,0.0013384746033468366,3
runs/promoter-approximation/kronecker/full-d10-profiled/genes-00512/grs-ssa-n3-s1,mrnas_decayed,0.0011492882245852623,3
runs/promoter-approximation/kronecker/full-d10-profiled/genes-00512/grs-ssa-n3-s1,translated,0.2587382300106096,3
runs/promoter-approximation/kronecker/full-d10-profiled/genes-00512/grs-ssa-n3-s1,initiated,0.014747691213348764,3
runs/promoter-approximation/kronecker/full-d10-profiled/genes-00512/grs-ssa-n3-s1,activated,0.6455762660650559,3
runs/promoter-approximation/kronecker/full-d1-profiled/genes-00512/grs-ssa-n3-s1,processed,0.0012795794451678241,3
runs/promoter-approximation/kronecker/full-d1-profiled/genes-00512/grs-ssa-n3-s1,proteins_decayed,0.1887806080005787,3
runs/promoter-approximation/kronecker/full-d1-profiled/genes-00512/grs-ssa-n3-s1,aborted,0.013450464319299768,3
runs/promoter-approximation/kronecker/full-d1-profiled/genes-00512/grs-ssa-n3-s1,deactivated,0.0644084299346547,3
runs/promoter-approximation/kronecker/full-d1-profiled/genes-00512/grs-ssa-n3-s1,premrnas_decayed,6.40944492669753e-5,3
runs/promoter-approximation/kronecker/full-d1-profiled/genes-00512/grs-ssa-n3-s1,transcribed,0.0013440732602719907,3
runs/promoter-approximation/kronecker/full-d1-profiled/genes-00512/grs-ssa-n3-s1,mrnas_decayed,0.0011539412133487654,3
runs/promoter-approximation/kronecker/full-d1-profiled/genes-00512/grs-ssa-n3-s1,translated,0.25990351924189814,3
runs/promoter-approximation/kronecker/full-d1-profiled/genes-00512/grs-ssa-n3-s1,initiated,0.01480303352261767,3
runs/promoter-approximation/kronecker/full-d1-profiled/genes-00512/grs-ssa-n3-s1,activated,0.06440930401837384,3
runs/promoter-approximation/kronecker/full-d0.1-profiled/genes-00512/grs-ssa-n3-s1,processed,0.0012826236677758486,3
runs/promoter-approximation/kronecker/full-d0.1-profiled/genes-00512/grs-ssa-n3-s1,proteins_decayed,0.18894771999782986,3
runs/promoter-approximation/kronecker/full-d0.1-profiled/genes-00512/grs-ssa-n3-s1,aborted,0.013452721113040125,3
runs/promoter-approximation/kronecker/full-d0.1-profiled/genes-00512/grs-ssa-n3-s1,deactivated,0.006471828884548611,3
runs/promoter-approximation/kronecker/full-d0.1-profiled/genes-00512/grs-ssa-n3-s1,premrnas_decayed,6.46482867959105e-5,3
runs/promoter-approximation/kronecker/full-d0.1-profiled/genes-00512/grs-ssa-n3-s1,transcribed,0.0013476600176022377,3
runs/promoter-approximation/kronecker/full-d0.1-profiled/genes-00512/grs-ssa-n3-s1,mrnas_decayed,0.0011570118091724538,3
runs/promoter-approximation/kronecker/full-d0.1-profiled/genes-00512/grs-ssa-n3-s1,translated,0.2601919970100309,3
runs/promoter-approximation/kronecker/full-d0.1-profiled/genes-00512/grs-ssa-n3-s1,initiated,0.014809494960455246,3
runs/promoter-approximation/kronecker/full-d0.1-profiled/genes-00512/grs-ssa-n3-s1,activated,0.006472868742766204,3
runs/promoter-approximation/kronecker/full-d0.01-profiled/genes-00512/grs-ssa-n3-s1,processed,0.0012801144446855709,3
runs/promoter-approximation/kronecker/full-d0.01-profiled/genes-00512/grs-ssa-n3-s1,proteins_decayed,0.18892256748529127,3
runs/promoter-approximation/kronecker/full-d0.01-profiled/genes-00512/grs-ssa-n3-s1,aborted,0.01345571635681906,3
runs/promoter-approximation/kronecker/full-d0.01-profiled/genes-00512/grs-ssa-n3-s1,deactivated,0.0006468219521604938,3
runs/promoter-approximation/kronecker/full-d0.01-profiled/genes-00512/grs-ssa-n3-s1,premrnas_decayed,6.541687765239198e-5,3
runs/promoter-approximation/kronecker/full-d0.01-profiled/genes-00512/grs-ssa-n3-s1,transcribed,0.0013459608289930556,3
runs/promoter-approximation/kronecker/full-d0.01-profiled/genes-00512/grs-ssa-n3-s1,mrnas_decayed,0.0011551054024402005,3
runs/promoter-approximation/kronecker/full-d0.01-profiled/genes-00512/grs-ssa-n3-s1,translated,0.2597758163640529,3
runs/promoter-approximation/kronecker/full-d0.01-profiled/genes-00512/grs-ssa-n3-s1,initiated,0.01481040672019676,3
runs/promoter-approximation/kronecker/full-d0.01-profiled/genes-00512/grs-ssa-n3-s1,activated,0.0006478316695601852,3
runs/promoter-approximation/kronecker/full-d0.001-profiled/genes-00512/grs-ssa-n3-s1,processed,0.0012910630967881945,3
runs/promoter-approximation/kronecker/full-d0.001-profiled/genes-00512/grs-ssa-n3-s1,proteins_decayed,0.18871611041787228,3
runs/promoter-approximation/kronecker/full-d0.001-profiled/genes-00512/grs-ssa-n3-s1,aborted,0.0135186767578125,3
runs/promoter-approximation/kronecker/full-d0.001-profiled/genes-00512/grs-ssa-n3-s1,deactivated,6.557888454861112e-5,3
runs/promoter-approximation/kronecker/full-d0.001-profiled/genes-00512/grs-ssa-n3-s1,premrnas_decayed,6.474247685185185e-5,3
runs/promoter-approximation/kronecker/full-d0.001-profiled/genes-00512/grs-ssa-n3-s1,transcribed,0.0013562727563175153,3
runs/promoter-approximation/kronecker/full-d0.001-profiled/genes-00512/grs-ssa-n3-s1,mrnas_decayed,0.0011608321578414351,3
runs/promoter-approximation/kronecker/full-d0.001-profiled/genes-00512/grs-ssa-n3-s1,translated,0.2616200614269869,3
runs/promoter-approximation/kronecker/full-d0.001-profiled/genes-00512/grs-ssa-n3-s1,initiated,0.014883159119405865,3
runs/promoter-approximation/kronecker/full-d0.001-profiled/genes-00512/grs-ssa-n3-s1,activated,6.65283203125e-5,3
