genes,arm,engine,method,engine_method,tau,epsilon,trajectories,seed,model,path,total_runtime,trajectory_runtime,build_seconds,warmup_seconds,rss_before_build_bytes,rss_after_build_bytes,rss_peak_bytes,aborted_trajectories,grs_policy,simulate_seconds,warmup_build_seconds,simulate_seconds_per_trajectory,gillespiessa2_stop_on_neg_state,makevars,duration,samples,copasi_max_steps,grs_name,grs_thin_negative,grs_exact,grs_dt,grs_nc
128,copasi-hybrid-eps0.05,copasi,hybrid,adaptiveSA,,0.05,3,1,models/build/kronecker-full/genes-00128.sbml.xml,runs/kronecker-full/genes-00128/copasi-hybrid-eps0.05-n3-s1,334.74952697753906,111.58317565917969,2.75570011138916,,,,413757440,,,334.74952697753906,,111.58317565917969,,,172800.0,10,1000000000,,,,,
128,copasi-ssa,copasi,ssa,stochastic,,,3,1,models/build/kronecker-full/genes-00128.sbml.xml,runs/kronecker-full/genes-00128/copasi-ssa-n3-s1,33.97439646720886,11.324798822402954,2.798140048980713,,,,414015488,,,33.97439646720886,,11.324798822402954,,,172800.0,10,1000000000,,,,,
128,copasi-tauleap-eps0.05,copasi,tauleap,tauLeap,,0.05,3,1,models/build/kronecker-full/genes-00128.sbml.xml,runs/kronecker-full/genes-00128/copasi-tauleap-eps0.05-n3-s1,39.849271297454834,13.283090432484945,2.7823140621185303,,,,414011392,,,39.849271297454834,,13.283090432484945,,,172800.0,10,1000000000,,,,,
128,gillespiessa2-ssa,gillespiessa2,ssa,exact,,,3,1,models/build/kronecker-full/genes-00128.gillespie.R,runs/kronecker-full/genes-00128/gillespiessa2-ssa-n3-s1,889.776,296.592,4.23,,,,452382720,0,,889.776,,296.592,FALSE,/home/ubuntu/Code/grs-benchmarks/runners/rcpp-nobounds.mk,,,,,,,,
128,gillespiessa2-tauleap-tau0.1,gillespiessa2,tauleap,etl,0.1,,3,1,models/build/kronecker-full/genes-00128.gillespie.R,runs/kronecker-full/genes-00128/gillespiessa2-tauleap-tau0.1-n3-s1,240.694,80.2313333333333,4.118,,,,452358144,0,,240.694,,80.2313333333333,FALSE,/home/ubuntu/Code/grs-benchmarks/runners/rcpp-nobounds.mk,,,,,,,,
128,gillespiessa2-tauleap-tau0.3,gillespiessa2,tauleap,etl,0.3,,3,1,models/build/kronecker-full/genes-00128.gillespie.R,runs/kronecker-full/genes-00128/gillespiessa2-tauleap-tau0.3-n3-s1,78.845,26.2816666666667,4.173,,,,452468736,0,,78.845,,26.2816666666667,FALSE,/home/ubuntu/Code/grs-benchmarks/runners/rcpp-nobounds.mk,,,,,,,,
128,gillespiessa2-tauleap-tau1,gillespiessa2,tauleap,etl,1.0,,3,1,models/build/kronecker-full/genes-00128.gillespie.R,runs/kronecker-full/genes-00128/gillespiessa2-tauleap-tau1-n3-s1,24.136,8.04533333333333,4.136,,,,452608000,0,,24.136,,8.04533333333333,FALSE,/home/ubuntu/Code/grs-benchmarks/runners/rcpp-nobounds.mk,,,,,,,,
128,gillespiessa2-tauleap-tau3,gillespiessa2,tauleap,etl,3.0,,3,1,models/build/kronecker-full/genes-00128.gillespie.R,runs/kronecker-full/genes-00128/gillespiessa2-tauleap-tau3-n3-s1,8.341,2.78033333333333,4.355,,,,452702208,0,,8.341,,2.78033333333333,FALSE,/home/ubuntu/Code/grs-benchmarks/runners/rcpp-nobounds.mk,,,,,,,,
128,gillespiessa2-tauleap-tau10,gillespiessa2,tauleap,etl,10.0,,3,1,models/build/kronecker-full/genes-00128.gillespie.R,runs/kronecker-full/genes-00128/gillespiessa2-tauleap-tau10-n3-s1,2.742,0.914,4.124,,,,450752512,0,,2.742,,0.914,FALSE,/home/ubuntu/Code/grs-benchmarks/runners/rcpp-nobounds.mk,,,,,,,,
128,grs-hybrid-tau0.1,grs,hybrid,FixedTau,0.1,,3,1,models/schedules/kronecker-full/genes-00128.json,runs/kronecker-full/genes-00128/grs-hybrid-tau0.1-n3-s1,37.381728335,12.460576111666667,0.438675263,58.868605014,1894703104,1894703104,1894703104,,CriticalBlend,37.381728335,54.289688599,12.460576111666667,,,,,,HybridTau,true,RSSACR,0.1,2
128,grs-hybrid-tau0.3,grs,hybrid,FixedTau,0.3,,3,1,models/schedules/kronecker-full/genes-00128.json,runs/kronecker-full/genes-00128/grs-hybrid-tau0.3-n3-s1,12.584253556,4.194751185333334,0.406050427,54.605845032,1735028736,1735028736,1735028736,,CriticalBlend,12.584253556,50.964694572,4.194751185333334,,,,,,HybridTau,true,RSSACR,0.3,2
128,grs-hybrid-tau1,grs,hybrid,FixedTau,1.0,,3,1,models/schedules/kronecker-full/genes-00128.json,runs/kronecker-full/genes-00128/grs-hybrid-tau1-n3-s1,5.291893127,1.7639643756666665,0.426986245,56.35801116,1875513344,1875513344,1875513344,,CriticalBlend,5.291893127,52.755683925,1.7639643756666665,,,,,,HybridTau,true,RSSACR,1.0,2
128,grs-hybrid-tau3,grs,hybrid,FixedTau,3.0,,3,1,models/schedules/kronecker-full/genes-00128.json,runs/kronecker-full/genes-00128/grs-hybrid-tau3-n3-s1,2.726095567,0.9086985223333334,0.413979826,55.575018626,1802530816,1802530816,1802530816,,CriticalBlend,2.726095567,52.135857621,0.9086985223333334,,,,,,HybridTau,true,RSSACR,3.0,2
128,grs-hybrid-tau10,grs,hybrid,FixedTau,10.0,,3,1,models/schedules/kronecker-full/genes-00128.json,runs/kronecker-full/genes-00128/grs-hybrid-tau10-n3-s1,2.599374275,0.8664580916666668,0.426744549,54.788896155,1675362304,1675362304,1675362304,,CriticalBlend,2.599374275,51.257033841,0.8664580916666668,,,,,,HybridTau,true,RSSACR,10.0,2
128,grs-ssa,grs,ssa,RSSACR,,,3,1,models/schedules/kronecker-full/genes-00128.json,runs/kronecker-full/genes-00128/grs-ssa-n3-s1,3.937505904,1.312501968,0.419323579,51.254828929,1789288448,1789288448,1789288448,,default,3.937505904,48.801186506,1.312501968,,,,,,,,,,
128,grs-tauleap-tau0.1,grs,tauleap,FixedTau,0.1,,3,1,models/schedules/kronecker-full/genes-00128.json,runs/kronecker-full/genes-00128/grs-tauleap-tau0.1-n3-s1,47.646965289,15.882321763,0.500262174,52.932225852,1787867136,1787867136,1787867136,,AlwaysLeap,47.646965289,48.800668398,15.882321763,,,,,,HybridTau,false,RSSACR,0.1,
128,grs-tauleap-tau0.3,grs,tauleap,FixedTau,0.3,,3,1,models/schedules/kronecker-full/genes-00128.json,runs/kronecker-full/genes-00128/grs-tauleap-tau0.3-n3-s1,16.161471533,5.3871571776666665,0.503936562,52.288615476,1792020480,1792020480,1792020480,,AlwaysLeap,16.161471533,49.121288971,5.3871571776666665,,,,,,HybridTau,false,RSSACR,0.3,
128,grs-tauleap-tau1,grs,tauleap,FixedTau,1.0,,3,1,models/schedules/kronecker-full/genes-00128.json,runs/kronecker-full/genes-00128/grs-tauleap-tau1-n3-s1,5.750116574,1.9167055246666667,0.397540926,51.687561271,1735348224,1735348224,1735348224,,AlwaysLeap,5.750116574,48.781346599,1.9167055246666667,,,,,,HybridTau,false,RSSACR,1.0,
128,grs-tauleap-tau3,grs,tauleap,FixedTau,3.0,,3,1,models/schedules/kronecker-full/genes-00128.json,runs/kronecker-full/genes-00128/grs-tauleap-tau3-n3-s1,2.648193899,0.8827312996666666,0.55102857,53.626502081,1805660160,1805660160,1805660160,,AlwaysLeap,2.648193899,50.774114984,0.8827312996666666,,,,,,HybridTau,false,RSSACR,3.0,
128,grs-tauleap-tau10,grs,tauleap,FixedTau,10.0,,3,1,models/schedules/kronecker-full/genes-00128.json,runs/kronecker-full/genes-00128/grs-tauleap-tau10-n3-s1,2.11001224,0.7033374133333333,0.424596478,54.98020161,1752977408,1752977408,1752977408,,AlwaysLeap,2.11001224,51.958000134,0.7033374133333333,,,,,,HybridTau,false,RSSACR,10.0,
