genes,arm,engine,method,engine_method,tau,epsilon,trajectories,seed,model,path,total_runtime,trajectory_runtime,build_seconds,warmup_seconds,rss_before_build_bytes,rss_after_build_bytes,rss_peak_bytes,aborted_trajectories,grs_policy,simulate_seconds,warmup_build_seconds,simulate_seconds_per_trajectory,grs_name,grs_thin_negative,grs_nc,grs_exact,grs_dt,grs_epsilon,grs_quantile,gillespiessa2_stop_on_neg_state,makevars,duration,samples,copasi_max_steps
8,copasi-hybrid-eps0.05,copasi,hybrid,adaptiveSA,,0.05,3,1,models/build/kronecker-full/genes-00008.sbml.xml,runs/kronecker-full/genes-00008/copasi-hybrid-eps0.05-n3-s1,0.7781872749328613,0.2593957583109538,0.0745999813079834,,,,157270016,,,0.7781872749328613,,0.2593957583109538,,,,,,,,,,172800.0,10,1000000000
8,copasi-ssa,copasi,ssa,stochastic,,,3,1,models/build/kronecker-full/genes-00008.sbml.xml,runs/kronecker-full/genes-00008/copasi-ssa-n3-s1,1.2697179317474365,0.4232393105824788,0.07571983337402344,,,,157265920,,,1.2697179317474365,,0.4232393105824788,,,,,,,,,,172800.0,10,1000000000
8,copasi-tauleap-eps0.05,copasi,tauleap,tauLeap,,0.05,3,1,models/build/kronecker-full/genes-00008.sbml.xml,runs/kronecker-full/genes-00008/copasi-tauleap-eps0.05-n3-s1,0.6581332683563232,0.21937775611877441,0.07487225532531738,,,,157503488,,,0.6581332683563232,,0.21937775611877441,,,,,,,,,,172800.0,10,1000000000
8,gillespiessa2-ssa,gillespiessa2,ssa,exact,,,3,1,models/build/kronecker-full/genes-00008.gillespie.R,runs/kronecker-full/genes-00008/gillespiessa2-ssa-n3-s1,6.465,2.155,1.963,,,,419590144,0,,6.465,,2.155,,,,,,,,FALSE,/home/ubuntu/Code/grs-benchmarks/runners/rcpp-nobounds.mk,,,
8,gillespiessa2-tauleap-tau3,gillespiessa2,tauleap,etl,3.0,,3,1,models/build/kronecker-full/genes-00008.gillespie.R,runs/kronecker-full/genes-00008/gillespiessa2-tauleap-tau3-n3-s1,0.573,0.191,1.952,,,,424939520,0,,0.573,,0.191,,,,,,,,FALSE,/home/ubuntu/Code/grs-benchmarks/runners/rcpp-nobounds.mk,,,
8,grs-hybrid-tau3,grs,hybrid,FixedTau,3.0,,3,1,models/schedules/kronecker-full/genes-00008.json,runs/kronecker-full/genes-00008/grs-hybrid-tau3-n3-s1,0.386408814,0.128802938,0.041002468,53.111053611,1733345280,1733345280,1733345280,,CriticalBlend,0.386408814,49.984219834,0.128802938,HybridTau,true,2,RSSACR,3.0,,,,,,,
8,grs-ssa,grs,ssa,RSSACR,,,3,1,models/schedules/kronecker-full/genes-00008.json,runs/kronecker-full/genes-00008/grs-ssa-n3-s1,0.430136143,0.14337871433333335,0.042385052,49.551528378,1769676800,1769676800,1769676800,,default,0.430136143,47.294530579,0.14337871433333335,,,,,,,,,,,,
8,grs-tauleap-tau3,grs,tauleap,FixedTau,3.0,,3,1,models/schedules/kronecker-full/genes-00008.json,runs/kronecker-full/genes-00008/grs-tauleap-tau3-n3-s1,0.275041764,0.09168058800000001,0.042034759,51.226898279,1779163136,1779163136,1779163136,,AlwaysLeap,0.275041764,48.424517582,0.09168058800000001,HybridTau,false,,RSSACR,3.0,,,,,,,
8,grs-tauleap-eps0.05,grs,tauleap,AdaptiveTau,,0.05,3,1,models/schedules/kronecker-full/genes-00008.json,runs/kronecker-full/genes-00008/grs-tauleap-eps0.05-n3-s1,0.256794379,0.08559812633333334,0.043368636,53.635557877,1809637376,1809637376,1809637376,,default,0.256794379,50.053548125,0.08559812633333334,HybridTau,true,,RSSACR,Inf,0.05,0.03,,,,,
16,copasi-hybrid-eps0.05,copasi,hybrid,adaptiveSA,,0.05,3,1,models/build/kronecker-full/genes-00016.sbml.xml,runs/kronecker-full/genes-00016/copasi-hybrid-eps0.05-n3-s1,1.6212496757507324,0.5404165585835775,0.14863348007202148,,,,170803200,,,1.6212496757507324,,0.5404165585835775,,,,,,,,,,172800.0,10,1000000000
16,copasi-ssa,copasi,ssa,stochastic,,,3,1,models/build/kronecker-full/genes-00016.sbml.xml,runs/kronecker-full/genes-00016/copasi-ssa-n3-s1,1.3400001525878906,0.4466667175292969,0.14801263809204102,,,,170577920,,,1.3400001525878906,,0.4466667175292969,,,,,,,,,,172800.0,10,1000000000
16,copasi-tauleap-eps0.05,copasi,tauleap,tauLeap,,0.05,3,1,models/build/kronecker-full/genes-00016.sbml.xml,runs/kronecker-full/genes-00016/copasi-tauleap-eps0.05-n3-s1,1.1837708950042725,0.3945902983347575,0.1498870849609375,,,,170577920,,,1.1837708950042725,,0.3945902983347575,,,,,,,,,,172800.0,10,1000000000
16,gillespiessa2-ssa,gillespiessa2,ssa,exact,,,3,1,models/build/kronecker-full/genes-00016.gillespie.R,runs/kronecker-full/genes-00016/gillespiessa2-ssa-n3-s1,10.154,3.38466666666667,2.09,,,,422137856,0,,10.154,,3.38466666666667,,,,,,,,FALSE,/home/ubuntu/Code/grs-benchmarks/runners/rcpp-nobounds.mk,,,
16,gillespiessa2-tauleap-tau3,gillespiessa2,tauleap,etl,3.0,,3,1,models/build/kronecker-full/genes-00016.gillespie.R,runs/kronecker-full/genes-00016/gillespiessa2-tauleap-tau3-n3-s1,1.037,0.345666666666667,2.087,,,,422207488,0,,1.037,,0.345666666666667,,,,,,,,FALSE,/home/ubuntu/Code/grs-benchmarks/runners/rcpp-nobounds.mk,,,
16,grs-hybrid-tau3,grs,hybrid,FixedTau,3.0,,3,1,models/schedules/kronecker-full/genes-00016.json,runs/kronecker-full/genes-00016/grs-hybrid-tau3-n3-s1,0.399987672,0.133329224,0.063661251,53.925473548,1788751872,1788751872,1788751872,,CriticalBlend,0.399987672,50.619292269,0.133329224,HybridTau,true,2,RSSACR,3.0,,,,,,,
16,grs-ssa,grs,ssa,RSSACR,,,3,1,models/schedules/kronecker-full/genes-00016.json,runs/kronecker-full/genes-00016/grs-ssa-n3-s1,0.434165398,0.14472179933333332,0.063707205,50.934795062,1871560704,1871560704,1871560704,,default,0.434165398,48.703794075,0.14472179933333332,,,,,,,,,,,,
16,grs-tauleap-tau3,grs,tauleap,FixedTau,3.0,,3,1,models/schedules/kronecker-full/genes-00016.json,runs/kronecker-full/genes-00016/grs-tauleap-tau3-n3-s1,0.384806522,0.12826884066666666,0.065482743,51.967404751000004,1786277888,1786277888,1786277888,,AlwaysLeap,0.384806522,49.063599256,0.12826884066666666,HybridTau,false,,RSSACR,3.0,,,,,,,
16,grs-tauleap-eps0.05,grs,tauleap,AdaptiveTau,,0.05,3,1,models/schedules/kronecker-full/genes-00016.json,runs/kronecker-full/genes-00016/grs-tauleap-eps0.05-n3-s1,0.245111738,0.08170391266666667,0.061360353,53.750876141,1787387904,1787387904,1787387904,,default,0.245111738,50.453236173,0.08170391266666667,HybridTau,true,,RSSACR,Inf,0.05,0.03,,,,,
32,copasi-hybrid-eps0.05,copasi,hybrid,adaptiveSA,,0.05,3,1,models/build/kronecker-full/genes-00032.sbml.xml,runs/kronecker-full/genes-00032/copasi-hybrid-eps0.05-n3-s1,9.06143856048584,3.0204795201619468,0.36499834060668945,,,,202006528,,,9.06143856048584,,3.0204795201619468,,,,,,,,,,172800.0,10,1000000000
32,copasi-ssa,copasi,ssa,stochastic,,,3,1,models/build/kronecker-full/genes-00032.sbml.xml,runs/kronecker-full/genes-00032/copasi-ssa-n3-s1,4.415667533874512,1.4718891779581706,0.34601402282714844,,,,202002432,,,4.415667533874512,,1.4718891779581706,,,,,,,,,,172800.0,10,1000000000
32,copasi-tauleap-eps0.05,copasi,tauleap,tauLeap,,0.05,3,1,models/build/kronecker-full/genes-00032.sbml.xml,runs/kronecker-full/genes-00032/copasi-tauleap-eps0.05-n3-s1,3.4055328369140625,1.1351776123046875,0.3385775089263916,,,,202235904,,,3.4055328369140625,,1.1351776123046875,,,,,,,,,,172800.0,10,1000000000
32,gillespiessa2-ssa,gillespiessa2,ssa,exact,,,3,1,models/build/kronecker-full/genes-00032.gillespie.R,runs/kronecker-full/genes-00032/gillespiessa2-ssa-n3-s1,52.657,17.5523333333333,2.344,,,,422469632,0,,52.657,,17.5523333333333,,,,,,,,FALSE,/home/ubuntu/Code/grs-benchmarks/runners/rcpp-nobounds.mk,,,
32,gillespiessa2-tauleap-tau3,gillespiessa2,tauleap,etl,3.0,,3,1,models/build/kronecker-full/genes-00032.gillespie.R,runs/kronecker-full/genes-00032/gillespiessa2-tauleap-tau3-n3-s1,2.05,0.683333333333334,2.334,,,,421756928,0,,2.05,,0.683333333333334,,,,,,,,FALSE,/home/ubuntu/Code/grs-benchmarks/runners/rcpp-nobounds.mk,,,
32,grs-hybrid-tau3,grs,hybrid,FixedTau,3.0,,3,1,models/schedules/kronecker-full/genes-00032.json,runs/kronecker-full/genes-00032/grs-hybrid-tau3-n3-s1,0.855990939,0.285330313,0.116699478,55.816288533999995,1793404928,1793404928,1793404928,,CriticalBlend,0.855990939,52.55095615,0.285330313,HybridTau,true,2,RSSACR,3.0,,,,,,,
32,grs-ssa,grs,ssa,RSSACR,,,3,1,models/schedules/kronecker-full/genes-00032.json,runs/kronecker-full/genes-00032/grs-ssa-n3-s1,0.975053843,0.32501794766666664,0.234019765,51.672838876,1787871232,1787871232,1787871232,,default,0.975053843,49.360368268,0.32501794766666664,,,,,,,,,,,,
32,grs-tauleap-tau3,grs,tauleap,FixedTau,3.0,,3,1,models/schedules/kronecker-full/genes-00032.json,runs/kronecker-full/genes-00032/grs-tauleap-tau3-n3-s1,0.724301083,0.2414336943333333,0.120377422,53.312427795000005,1790013440,1790013440,1790013440,,AlwaysLeap,0.724301083,50.495604671,0.2414336943333333,HybridTau,false,,RSSACR,3.0,,,,,,,
32,grs-tauleap-eps0.05,grs,tauleap,AdaptiveTau,,0.05,3,1,models/schedules/kronecker-full/genes-00032.json,runs/kronecker-full/genes-00032/grs-tauleap-eps0.05-n3-s1,0.454042186,0.15134739533333333,0.113391441,56.047627133,1787662336,1787662336,1787662336,,default,0.454042186,52.567062532,0.15134739533333333,HybridTau,true,,RSSACR,Inf,0.05,0.03,,,,,
64,copasi-hybrid-eps0.05,copasi,hybrid,adaptiveSA,,0.05,3,1,models/build/kronecker-full/genes-00064.sbml.xml,runs/kronecker-full/genes-00064/copasi-hybrid-eps0.05-n3-s1,53.12162685394287,17.70720895131429,0.9022674560546875,,,,267767808,,,53.12162685394287,,17.70720895131429,,,,,,,,,,172800.0,10,1000000000
64,copasi-ssa,copasi,ssa,stochastic,,,3,1,models/build/kronecker-full/genes-00064.sbml.xml,runs/kronecker-full/genes-00064/copasi-ssa-n3-s1,10.212350130081177,3.404116710027059,0.9304831027984619,,,,267898880,,,10.212350130081177,,3.404116710027059,,,,,,,,,,172800.0,10,1000000000
64,copasi-tauleap-eps0.05,copasi,tauleap,tauLeap,,0.05,3,1,models/build/kronecker-full/genes-00064.sbml.xml,runs/kronecker-full/genes-00064/copasi-tauleap-eps0.05-n3-s1,12.23393177986145,4.077977259953816,0.9315423965454102,,,,267472896,,,12.23393177986145,,4.077977259953816,,,,,,,,,,172800.0,10,1000000000
64,gillespiessa2-ssa,gillespiessa2,ssa,exact,,,3,1,models/build/kronecker-full/genes-00064.gillespie.R,runs/kronecker-full/genes-00064/gillespiessa2-ssa-n3-s1,198.835,66.2783333333333,2.868,,,,437313536,0,,198.835,,66.2783333333333,,,,,,,,FALSE,/home/ubuntu/Code/grs-benchmarks/runners/rcpp-nobounds.mk,,,
64,gillespiessa2-tauleap-tau3,gillespiessa2,tauleap,etl,3.0,,3,1,models/build/kronecker-full/genes-00064.gillespie.R,runs/kronecker-full/genes-00064/gillespiessa2-tauleap-tau3-n3-s1,4.271,1.42366666666667,2.886,,,,437186560,0,,4.271,,1.42366666666667,,,,,,,,FALSE,/home/ubuntu/Code/grs-benchmarks/runners/rcpp-nobounds.mk,,,
64,grs-hybrid-tau3,grs,hybrid,FixedTau,3.0,,3,1,models/schedules/kronecker-full/genes-00064.json,runs/kronecker-full/genes-00064/grs-hybrid-tau3-n3-s1,1.395285095,0.46509503166666666,0.326387067,55.545648611000004,1790738432,1790738432,1790738432,,CriticalBlend,1.395285095,52.283538913,0.46509503166666666,HybridTau,true,2,RSSACR,3.0,,,,,,,
64,grs-ssa,grs,ssa,RSSACR,,,3,1,models/schedules/kronecker-full/genes-00064.json,runs/kronecker-full/genes-00064/grs-ssa-n3-s1,1.9319792,0.6439930666666667,0.217248109,50.603406909,1779920896,1779920896,1779920896,,default,1.9319792,48.196895,0.6439930666666667,,,,,,,,,,,,
64,grs-tauleap-tau3,grs,tauleap,FixedTau,3.0,,3,1,models/schedules/kronecker-full/genes-00064.json,runs/kronecker-full/genes-00064/grs-tauleap-tau3-n3-s1,1.358224541,0.45274151366666665,0.216382635,53.51314889299999,1794695168,1794695168,1794695168,,AlwaysLeap,1.358224541,50.705966944,0.45274151366666665,HybridTau,false,,RSSACR,3.0,,,,,,,
64,grs-tauleap-eps0.05,grs,tauleap,AdaptiveTau,,0.05,3,1,models/schedules/kronecker-full/genes-00064.json,runs/kronecker-full/genes-00064/grs-tauleap-eps0.05-n3-s1,0.759413153,0.25313771766666665,0.211741069,56.096341120000005,1790660608,1790660608,1790660608,,default,0.759413153,52.587900136,0.25313771766666665,HybridTau,true,,RSSACR,Inf,0.05,0.03,,,,,
128,copasi-hybrid-eps0.05,copasi,hybrid,adaptiveSA,,0.05,3,1,models/build/kronecker-full/genes-00128.sbml.xml,runs/kronecker-full/genes-00128/copasi-hybrid-eps0.05-n3-s1,334.74952697753906,111.58317565917969,2.75570011138916,,,,413757440,,,334.74952697753906,,111.58317565917969,,,,,,,,,,172800.0,10,1000000000
128,copasi-ssa,copasi,ssa,stochastic,,,3,1,models/build/kronecker-full/genes-00128.sbml.xml,runs/kronecker-full/genes-00128/copasi-ssa-n3-s1,33.97439646720886,11.324798822402954,2.798140048980713,,,,414015488,,,33.97439646720886,,11.324798822402954,,,,,,,,,,172800.0,10,1000000000
128,copasi-tauleap-eps0.05,copasi,tauleap,tauLeap,,0.05,3,1,models/build/kronecker-full/genes-00128.sbml.xml,runs/kronecker-full/genes-00128/copasi-tauleap-eps0.05-n3-s1,39.849271297454834,13.283090432484945,2.7823140621185303,,,,414011392,,,39.849271297454834,,13.283090432484945,,,,,,,,,,172800.0,10,1000000000
128,gillespiessa2-ssa,gillespiessa2,ssa,exact,,,3,1,models/build/kronecker-full/genes-00128.gillespie.R,runs/kronecker-full/genes-00128/gillespiessa2-ssa-n3-s1,889.776,296.592,4.23,,,,452382720,0,,889.776,,296.592,,,,,,,,FALSE,/home/ubuntu/Code/grs-benchmarks/runners/rcpp-nobounds.mk,,,
128,gillespiessa2-tauleap-tau3,gillespiessa2,tauleap,etl,3.0,,3,1,models/build/kronecker-full/genes-00128.gillespie.R,runs/kronecker-full/genes-00128/gillespiessa2-tauleap-tau3-n3-s1,8.341,2.78033333333333,4.355,,,,452702208,0,,8.341,,2.78033333333333,,,,,,,,FALSE,/home/ubuntu/Code/grs-benchmarks/runners/rcpp-nobounds.mk,,,
128,grs-hybrid-tau3,grs,hybrid,FixedTau,3.0,,3,1,models/schedules/kronecker-full/genes-00128.json,runs/kronecker-full/genes-00128/grs-hybrid-tau3-n3-s1,2.726095567,0.9086985223333334,0.413979826,55.575018626,1802530816,1802530816,1802530816,,CriticalBlend,2.726095567,52.135857621,0.9086985223333334,HybridTau,true,2,RSSACR,3.0,,,,,,,
128,grs-ssa,grs,ssa,RSSACR,,,3,1,models/schedules/kronecker-full/genes-00128.json,runs/kronecker-full/genes-00128/grs-ssa-n3-s1,3.937505904,1.312501968,0.419323579,51.254828929,1789288448,1789288448,1789288448,,default,3.937505904,48.801186506,1.312501968,,,,,,,,,,,,
128,grs-tauleap-tau3,grs,tauleap,FixedTau,3.0,,3,1,models/schedules/kronecker-full/genes-00128.json,runs/kronecker-full/genes-00128/grs-tauleap-tau3-n3-s1,2.648193899,0.8827312996666666,0.55102857,53.626502081,1805660160,1805660160,1805660160,,AlwaysLeap,2.648193899,50.774114984,0.8827312996666666,HybridTau,false,,RSSACR,3.0,,,,,,,
128,grs-tauleap-eps0.05,grs,tauleap,AdaptiveTau,,0.05,3,1,models/schedules/kronecker-full/genes-00128.json,runs/kronecker-full/genes-00128/grs-tauleap-eps0.05-n3-s1,1.59210992,0.5307033066666667,0.595308734,60.253815237000005,1792974848,1792974848,1792974848,,default,1.59210992,56.46561915,0.5307033066666667,HybridTau,true,,RSSACR,Inf,0.05,0.03,,,,,
256,copasi-hybrid-eps0.05,copasi,hybrid,adaptiveSA,,0.05,3,1,models/build/kronecker-full/genes-00256.sbml.xml,runs/kronecker-full/genes-00256/copasi-hybrid-eps0.05-n3-s1,1469.6434299945831,489.8811433315277,10.154131889343262,,,,773902336,,,1469.6434299945831,,489.8811433315277,,,,,,,,,,172800.0,10,1000000000
256,copasi-ssa,copasi,ssa,stochastic,,,3,1,models/build/kronecker-full/genes-00256.sbml.xml,runs/kronecker-full/genes-00256/copasi-ssa-n3-s1,120.90945410728455,40.30315136909485,10.019158124923706,,,,774479872,,,120.90945410728455,,40.30315136909485,,,,,,,,,,172800.0,10,1000000000
256,copasi-tauleap-eps0.05,copasi,tauleap,tauLeap,,0.05,3,1,models/build/kronecker-full/genes-00256.sbml.xml,runs/kronecker-full/genes-00256/copasi-tauleap-eps0.05-n3-s1,90.70507192611694,30.235023975372314,10.733099699020386,,,,773681152,,,90.70507192611694,,30.235023975372314,,,,,,,,,,172800.0,10,1000000000
256,gillespiessa2-tauleap-tau3,gillespiessa2,tauleap,etl,3.0,,3,1,models/build/kronecker-full/genes-00256.gillespie.R,runs/kronecker-full/genes-00256/gillespiessa2-tauleap-tau3-n3-s1,17.502,5.834,7.34,,,,467722240,0,,17.502,,5.834,,,,,,,,FALSE,/home/ubuntu/Code/grs-benchmarks/runners/rcpp-nobounds.mk,,,
256,grs-hybrid-tau3,grs,hybrid,FixedTau,3.0,,3,1,models/schedules/kronecker-full/genes-00256.json,runs/kronecker-full/genes-00256/grs-hybrid-tau3-n3-s1,5.628998521,1.8763328403333333,0.805094281,55.722375133,1748606976,1748606976,1761882112,,CriticalBlend,5.628998521,51.398571928,1.8763328403333333,HybridTau,true,2,RSSACR,3.0,,,,,,,
256,grs-ssa,grs,ssa,RSSACR,,,3,1,models/schedules/kronecker-full/genes-00256.json,runs/kronecker-full/genes-00256/grs-ssa-n3-s1,8.795902781,2.9319675936666667,0.941329045,50.337594808999995,1776148480,1776148480,1776148480,,default,8.795902781,47.891378104,2.9319675936666667,,,,,,,,,,,,
256,grs-tauleap-tau3,grs,tauleap,FixedTau,3.0,,3,1,models/schedules/kronecker-full/genes-00256.json,runs/kronecker-full/genes-00256/grs-tauleap-tau3-n3-s1,5.484821697,1.828273899,1.680521938,51.993417661,1744740352,1744740352,1744740352,,AlwaysLeap,5.484821697,49.161336235,1.828273899,HybridTau,false,,RSSACR,3.0,,,,,,,
256,grs-tauleap-eps0.05,grs,tauleap,AdaptiveTau,,0.05,3,1,models/schedules/kronecker-full/genes-00256.json,runs/kronecker-full/genes-00256/grs-tauleap-eps0.05-n3-s1,3.886406714,1.2954689046666668,0.816814516,55.096773523,1796272128,1796272128,1796272128,,default,3.886406714,51.431409168,1.2954689046666668,HybridTau,true,,RSSACR,Inf,0.05,0.03,,,,,
512,copasi-ssa,copasi,ssa,stochastic,,,3,1,models/build/kronecker-full/genes-00512.sbml.xml,runs/kronecker-full/genes-00512/copasi-ssa-n3-s1,365.08113622665405,121.69371207555135,56.616004943847656,,,,1779752960,,,365.08113622665405,,121.69371207555135,,,,,,,,,,172800.0,10,1000000000
512,copasi-tauleap-eps0.05,copasi,tauleap,tauLeap,,0.05,3,1,models/build/kronecker-full/genes-00512.sbml.xml,runs/kronecker-full/genes-00512/copasi-tauleap-eps0.05-n3-s1,198.99840760231018,66.3328025341034,56.675344944000244,,,,1780465664,,,198.99840760231018,,66.3328025341034,,,,,,,,,,172800.0,10,1000000000
512,gillespiessa2-tauleap-tau3,gillespiessa2,tauleap,etl,3.0,,3,1,models/build/kronecker-full/genes-00512.gillespie.R,runs/kronecker-full/genes-00512/gillespiessa2-tauleap-tau3-n3-s1,32.804,10.9346666666667,17.47,,,,505794560,0,,32.804,,10.9346666666667,,,,,,,,FALSE,/home/ubuntu/Code/grs-benchmarks/runners/rcpp-nobounds.mk,,,
512,grs-hybrid-tau3,grs,hybrid,FixedTau,3.0,,3,1,models/schedules/kronecker-full/genes-00512.json,runs/kronecker-full/genes-00512/grs-hybrid-tau3-n3-s1,12.731208715,4.243736238333333,2.545204881,55.834771657,1806376960,1806376960,1823825920,,CriticalBlend,12.731208715,51.667774613,4.243736238333333,HybridTau,true,2,RSSACR,3.0,,,,,,,
512,grs-ssa,grs,ssa,RSSACR,,,3,1,models/schedules/kronecker-full/genes-00512.json,runs/kronecker-full/genes-00512/grs-ssa-n3-s1,17.551259298,5.850419766000001,1.772563264,51.58036604,1798025216,1798025216,1798025216,,default,17.551259298,48.962608734,5.850419766000001,,,,,,,,,,,,
512,grs-tauleap-tau3,grs,tauleap,FixedTau,3.0,,3,1,models/schedules/kronecker-full/genes-00512.json,runs/kronecker-full/genes-00512/grs-tauleap-tau3-n3-s1,11.828194392,3.942731464,1.810641097,53.251388014,1806733312,1806733312,1806733312,,AlwaysLeap,11.828194392,49.963598549,3.942731464,HybridTau,false,,RSSACR,3.0,,,,,,,
512,grs-tauleap-eps0.05,grs,tauleap,AdaptiveTau,,0.05,3,1,models/schedules/kronecker-full/genes-00512.json,runs/kronecker-full/genes-00512/grs-tauleap-eps0.05-n3-s1,9.077157205,3.0257190683333337,2.658754184,56.727643401,1785839616,1785839616,1812406272,,default,9.077157205,52.583077545,3.0257190683333337,HybridTau,true,,RSSACR,Inf,0.05,0.03,,,,,
1024,copasi-ssa,copasi,ssa,stochastic,,,3,1,models/build/kronecker-full/genes-01024.sbml.xml,runs/kronecker-full/genes-01024/copasi-ssa-n3-s1,1187.846970319748,395.94899010658264,436.2813835144043,,,,4961492992,,,1187.846970319748,,395.94899010658264,,,,,,,,,,172800.0,10,1000000000
1024,copasi-tauleap-eps0.05,copasi,tauleap,tauLeap,,0.05,3,1,models/build/kronecker-full/genes-01024.sbml.xml,runs/kronecker-full/genes-01024/copasi-tauleap-eps0.05-n3-s1,538.6845200061798,179.5615066687266,442.8020906448364,,,,4960268288,,,538.6845200061798,,179.5615066687266,,,,,,,,,,172800.0,10,1000000000
1024,gillespiessa2-tauleap-tau3,gillespiessa2,tauleap,etl,3.0,,3,1,models/build/kronecker-full/genes-01024.gillespie.R,runs/kronecker-full/genes-01024/gillespiessa2-tauleap-tau3-n3-s1,64.597,21.5323333333333,50.506,,,,530427904,0,,64.597,,21.5323333333333,,,,,,,,FALSE,/home/ubuntu/Code/grs-benchmarks/runners/rcpp-nobounds.mk,,,
1024,grs-hybrid-tau3,grs,hybrid,FixedTau,3.0,,3,1,models/schedules/kronecker-full/genes-01024.json,runs/kronecker-full/genes-01024/grs-hybrid-tau3-n3-s1,35.641302523,11.880434174333333,3.615403156,60.029301435,1839341568,1843240960,1899245568,,CriticalBlend,35.641302523,53.998607008,11.880434174333333,HybridTau,true,2,RSSACR,3.0,,,,,,,
1024,grs-ssa,grs,ssa,RSSACR,,,3,1,models/schedules/kronecker-full/genes-01024.json,runs/kronecker-full/genes-01024/grs-ssa-n3-s1,49.679310659,16.559770219666667,4.531434968,53.877410496,1802395648,1877053440,1877053440,,default,49.679310659,50.735947733,16.559770219666667,,,,,,,,,,,,
1024,grs-tauleap-tau3,grs,tauleap,FixedTau,3.0,,3,1,models/schedules/kronecker-full/genes-01024.json,runs/kronecker-full/genes-01024/grs-tauleap-tau3-n3-s1,25.732536989,8.577512329666666,3.643018901,57.354565224,1799409664,1874235392,1874235392,,AlwaysLeap,25.732536989,52.596556412,8.577512329666666,HybridTau,false,,RSSACR,3.0,,,,,,,
1024,grs-tauleap-eps0.05,grs,tauleap,AdaptiveTau,,0.05,3,1,models/schedules/kronecker-full/genes-01024.json,runs/kronecker-full/genes-01024/grs-tauleap-eps0.05-n3-s1,25.738136663,8.579378887666666,3.604552722,60.239377906,1852727296,1853186048,1917132800,,default,25.738136663,54.424255933,8.579378887666666,HybridTau,true,,RSSACR,Inf,0.05,0.03,,,,,
2048,copasi-tauleap-eps0.05,copasi,tauleap,tauLeap,,0.05,3,1,models/build/kronecker-full/genes-02048.sbml.xml,runs/kronecker-full/genes-02048/copasi-tauleap-eps0.05-n3-s1,1698.505094051361,566.168364683787,3595.818645477295,,,,15944687616,,,1698.505094051361,,566.168364683787,,,,,,,,,,172800.0,10,1000000000
2048,gillespiessa2-tauleap-tau3,gillespiessa2,tauleap,etl,3.0,,3,1,models/build/kronecker-full/genes-02048.gillespie.R,runs/kronecker-full/genes-02048/gillespiessa2-tauleap-tau3-n3-s1,135.364,45.1213333333333,72.469,,,,605761536,0,,135.364,,45.1213333333333,,,,,,,,FALSE,/home/ubuntu/Code/grs-benchmarks/runners/rcpp-nobounds.mk,,,
2048,grs-hybrid-tau3,grs,hybrid,FixedTau,3.0,,3,1,models/schedules/kronecker-full/genes-02048.json,runs/kronecker-full/genes-02048/grs-hybrid-tau3-n3-s1,93.050398259,31.01679941966667,8.612784555,68.120195352,1930993664,2071560192,2185273344,,CriticalBlend,93.050398259,60.028116648,31.01679941966667,HybridTau,true,2,RSSACR,3.0,,,,,,,
2048,grs-ssa,grs,ssa,RSSACR,,,3,1,models/schedules/kronecker-full/genes-02048.json,runs/kronecker-full/genes-02048/grs-ssa-n3-s1,153.401500212,51.133833404,8.854504358,61.526770486000004,1914302464,2006413312,2095091712,,default,153.401500212,56.351610102,51.133833404,,,,,,,,,,,,
2048,grs-tauleap-tau3,grs,tauleap,FixedTau,3.0,,3,1,models/schedules/kronecker-full/genes-02048.json,runs/kronecker-full/genes-02048/grs-tauleap-tau3-n3-s1,71.681101578,23.893700526,7.537980138,63.716586188,1900793856,2011308032,2157391872,,AlwaysLeap,71.681101578,58.265223147,23.893700526,HybridTau,false,,RSSACR,3.0,,,,,,,
2048,grs-tauleap-eps0.05,grs,tauleap,AdaptiveTau,,0.05,3,1,models/schedules/kronecker-full/genes-02048.json,runs/kronecker-full/genes-02048/grs-tauleap-eps0.05-n3-s1,72.31735249,24.105784163333336,8.684489418,67.924986608,1917407232,2059710464,2206932992,,default,72.31735249,60.235356623,24.105784163333336,HybridTau,true,,RSSACR,Inf,0.05,0.03,,,,,
4096,gillespiessa2-tauleap-tau3,gillespiessa2,tauleap,etl,3.0,,3,1,models/build/kronecker-full/genes-04096.gillespie.R,runs/kronecker-full/genes-04096/gillespiessa2-tauleap-tau3-n3-s1,274.147,91.3823333333333,198.094,,,,863141888,0,,274.147,,91.3823333333333,,,,,,,,FALSE,/home/ubuntu/Code/grs-benchmarks/runners/rcpp-nobounds.mk,,,
4096,grs-hybrid-tau3,grs,hybrid,FixedTau,3.0,,3,1,models/schedules/kronecker-full/genes-04096.json,runs/kronecker-full/genes-04096/grs-hybrid-tau3-n3-s1,193.396176849,64.465392283,17.85169316,83.496455886,2317705216,2478514176,2780717056,,CriticalBlend,193.396176849,68.53117285,64.465392283,HybridTau,true,2,RSSACR,3.0,,,,,,,
4096,grs-ssa,grs,ssa,RSSACR,,,3,1,models/schedules/kronecker-full/genes-04096.json,runs/kronecker-full/genes-04096/grs-ssa-n3-s1,414.496770936,138.165590312,18.016213829,76.81717360500001,2060529664,2373713920,2555142144,,default,414.496770936,66.112702627,138.165590312,,,,,,,,,,,,
4096,grs-tauleap-tau3,grs,tauleap,FixedTau,3.0,,3,1,models/schedules/kronecker-full/genes-04096.json,runs/kronecker-full/genes-04096/grs-tauleap-tau3-n3-s1,150.257059184,50.08568639466667,20.138293737,81.783178444,2298339328,2525716480,2581618688,,AlwaysLeap,150.257059184,72.28987853,50.08568639466667,HybridTau,false,,RSSACR,3.0,,,,,,,
4096,grs-tauleap-eps0.05,grs,tauleap,AdaptiveTau,,0.05,3,1,models/schedules/kronecker-full/genes-04096.json,runs/kronecker-full/genes-04096/grs-tauleap-eps0.05-n3-s1,206.060741762,68.68691392066667,16.59180148,87.694590889,2201157632,2486882304,2735312896,,default,206.060741762,71.620855405,68.68691392066667,HybridTau,true,,RSSACR,Inf,0.05,0.03,,,,,
8192,gillespiessa2-tauleap-tau3,gillespiessa2,tauleap,etl,3.0,,3,1,models/build/kronecker-full/genes-08192.gillespie.R,runs/kronecker-full/genes-08192/gillespiessa2-tauleap-tau3-n3-s1,552.354,184.118,461.062,,,,1260433408,0,,552.354,,184.118,,,,,,,,FALSE,/home/ubuntu/Code/grs-benchmarks/runners/rcpp-nobounds.mk,,,
8192,grs-hybrid-tau3,grs,hybrid,FixedTau,3.0,,3,1,models/schedules/kronecker-full/genes-08192.json,runs/kronecker-full/genes-08192/grs-hybrid-tau3-n3-s1,435.198648754,145.06621625133332,39.780584836,125.17591928300001,2803630080,3475689472,3895521280,,CriticalBlend,435.198648754,94.395879652,145.06621625133332,HybridTau,true,2,RSSACR,3.0,,,,,,,
8192,grs-ssa,grs,ssa,RSSACR,,,3,1,models/schedules/kronecker-full/genes-08192.json,runs/kronecker-full/genes-08192/grs-ssa-n3-s1,1021.038600669,340.346200223,42.660369917,113.78209965,2547806208,3216764928,3216764928,,default,1021.038600669,91.338701161,340.346200223,,,,,,,,,,,,
8192,grs-tauleap-tau3,grs,tauleap,FixedTau,3.0,,3,1,models/schedules/kronecker-full/genes-08192.json,runs/kronecker-full/genes-08192/grs-tauleap-tau3-n3-s1,318.78792019,106.26264006333334,41.066960717,108.744436564,2586525696,2910392320,3337449472,,AlwaysLeap,318.78792019,91.850740757,106.26264006333334,HybridTau,false,,RSSACR,3.0,,,,,,,
8192,grs-tauleap-eps0.05,grs,tauleap,AdaptiveTau,,0.05,3,1,models/schedules/kronecker-full/genes-08192.json,runs/kronecker-full/genes-08192/grs-tauleap-eps0.05-n3-s1,543.975553026,181.32518434199997,40.330520908,127.409521902,2822451200,3574026240,3661946880,,default,543.975553026,93.983711791,181.32518434199997,HybridTau,true,,RSSACR,Inf,0.05,0.03,,,,,
16384,gillespiessa2-tauleap-tau3,gillespiessa2,tauleap,etl,3.0,,3,1,models/build/kronecker-full/genes-16384.gillespie.R,runs/kronecker-full/genes-16384/gillespiessa2-tauleap-tau3-n3-s1,1124.155,374.718333333333,1629.553,,,,1744109568,0,,1124.155,,374.718333333333,,,,,,,,FALSE,/home/ubuntu/Code/grs-benchmarks/runners/rcpp-nobounds.mk,,,
16384,grs-hybrid-tau3,grs,hybrid,FixedTau,3.0,,3,1,models/schedules/kronecker-full/genes-16384.json,runs/kronecker-full/genes-16384/grs-hybrid-tau3-n3-s1,945.498959181,315.16631972700003,78.278419513,199.583167881,4472569856,5255806976,5767225344,,CriticalBlend,945.498959181,136.14708003,315.16631972700003,HybridTau,true,2,RSSACR,3.0,,,,,,,
16384,grs-ssa,grs,ssa,RSSACR,,,3,1,models/schedules/kronecker-full/genes-16384.json,runs/kronecker-full/genes-16384/grs-ssa-n3-s1,2579.386715961,859.795571987,97.413486832,201.74322084099998,3984621568,4531183616,5272530944,,default,2579.386715961,149.291970795,859.795571987,,,,,,,,,,,,
16384,grs-tauleap-tau3,grs,tauleap,FixedTau,3.0,,3,1,models/schedules/kronecker-full/genes-16384.json,runs/kronecker-full/genes-16384/grs-tauleap-tau3-n3-s1,703.745138242,234.58171274733334,81.831476104,169.874531434,3854147584,4696264704,4897271808,,AlwaysLeap,703.745138242,130.48148759,234.58171274733334,HybridTau,false,,RSSACR,3.0,,,,,,,
16384,grs-tauleap-eps0.05,grs,tauleap,AdaptiveTau,,0.05,3,1,models/schedules/kronecker-full/genes-16384.json,runs/kronecker-full/genes-16384/grs-tauleap-eps0.05-n3-s1,1628.44774481,542.8159149366667,79.173524632,219.88339357200002,4137877504,5041373184,5611802624,,default,1628.44774481,138.340588982,542.8159149366667,HybridTau,true,,RSSACR,Inf,0.05,0.03,,,,,
32768,gillespiessa2-tauleap-tau3,gillespiessa2,tauleap,etl,3.0,,3,1,models/build/kronecker-full/genes-32768.gillespie.R,runs/kronecker-full/genes-32768/gillespiessa2-tauleap-tau3-n3-s1,2286.321,762.107,7013.89,,,,3228192768,0,,2286.321,,762.107,,,,,,,,FALSE,/home/ubuntu/Code/grs-benchmarks/runners/rcpp-nobounds.mk,,,
32768,grs-hybrid-tau3,grs,hybrid,FixedTau,3.0,,3,1,models/schedules/kronecker-full/genes-32768.json,runs/kronecker-full/genes-32768/grs-hybrid-tau3-n3-s1,2647.670036719,882.5566789063333,180.1156774,397.64308866299996,6900682752,8358498304,9537368064,,CriticalBlend,2647.670036719,237.712626565,882.5566789063333,HybridTau,true,2,RSSACR,3.0,,,,,,,
32768,grs-ssa,grs,ssa,RSSACR,,,3,1,models/schedules/kronecker-full/genes-32768.json,runs/kronecker-full/genes-32768/grs-ssa-n3-s1,6718.850490092,2239.6168300306667,177.536339822,358.681818261,5763117056,7333441536,8387796992,,default,6718.850490092,237.537870421,2239.6168300306667,,,,,,,,,,,,
32768,grs-tauleap-tau3,grs,tauleap,FixedTau,3.0,,3,1,models/schedules/kronecker-full/genes-32768.json,runs/kronecker-full/genes-32768/grs-tauleap-tau3-n3-s1,1700.823062014,566.9410206713334,177.71401525,380.103526154,5795115008,7877804032,8051437568,,AlwaysLeap,1700.823062014,285.589491619,566.9410206713334,HybridTau,false,,RSSACR,3.0,,,,,,,
32768,grs-tauleap-eps0.05,grs,tauleap,AdaptiveTau,,0.05,3,1,models/schedules/kronecker-full/genes-32768.json,runs/kronecker-full/genes-32768/grs-tauleap-eps0.05-n3-s1,5098.160946045,1699.386982015,179.173392234,432.624487554,6907031552,7709933568,9282490368,,default,5098.160946045,235.710343811,1699.386982015,HybridTau,true,,RSSACR,Inf,0.05,0.03,,,,,
